sale_id,business_date,channel,order_number,level,item_title,discount_title,discount_type,discount_amount,order_list_price,order_total_amount,actual_sale_amount
19515,2026-09-30,PLUGIN_BAEMIN,배달의민족 T2GQ0001KI2U,order,,즉시 할인(업주 부담),VARIABLE_AMOUNT,2000,27500,25500,25500
19512,2026-09-30,PLUGIN_BAEMIN,배달의민족 T2GQ0001IBL4,order,,즉시 할인(업주 부담),VARIABLE_AMOUNT,2000,49500,47500,47500
19507,2026-09-30,PLUGIN_BAEMIN,배달의민족 T2GQ000106LL,order,,즉시 할인(업주 부담),VARIABLE_AMOUNT,2000,27500,25500,25500
19504,2026-09-29,PLUGIN_BAEMIN,배달의민족 T2GP0001NXMB,order,,즉시 할인(업주 부담),VARIABLE_AMOUNT,2000,26500,24500,24500
19503,2026-09-29,PLUGIN_BAEMIN,배달의민족 T2GP0001LAF5,order,,즉시 할인(업주 부담),VARIABLE_AMOUNT,1000,31000,30000,30000
19501,2026-09-29,PLUGIN_BAEMIN,배달의민족 T2GP0001LAI2,order,,즉시 할인(업주 부담),VARIABLE_AMOUNT,2000,41500,39500,39500
19500,2026-09-29,PLUGIN_BAEMIN,배달의민족 T2GP0001JWFH,order,,즉시 할인(업주 부담),VARIABLE_AMOUNT,2000,26500,24500,24500
19497,2026-09-29,PLUGIN_BAEMIN,배달의민족 T2GP0001I3UB,order,,즉시 할인(업주 부담),VARIABLE_AMOUNT,2000,19500,17500,17500
19496,2026-09-29,PLUGIN_BAEMIN,배달의민족 T2GP0001B8FD,order,,즉시 할인(업주 부담),VARIABLE_AMOUNT,2000,50300,48300,48300
19474,2026-09-28,PLUGIN_COUPANGEATS,쿠팡이츠 0L17JW,line_item,배달비,배달비할인,VARIABLE_AMOUNT,1000,58200,57200,57200
19476,2026-09-28,PLUGIN_BAEMIN,배달의민족 T2GO0000PMXX,order,,즉시 할인(업주 부담),VARIABLE_AMOUNT,2000,72500,70500,70500
19477,2026-09-28,PLUGIN_BAEMIN,배달의민족 T2GO0000QTX9,order,,즉시 할인(업주 부담),VARIABLE_AMOUNT,2000,38800,36800,36800
19478,2026-09-28,PLUGIN_COUPANGEATS,쿠팡이츠 1LNBUA,line_item,배달비,배달비할인,VARIABLE_AMOUNT,1000,57000,56000,56000
19482,2026-09-28,PLUGIN_BAEMIN,배달의민족 T2GO000169YF,order,,즉시 할인(업주 부담),VARIABLE_AMOUNT,2000,27500,25500,25500
19483,2026-09-28,PLUGIN_COUPANGEATS,쿠팡이츠 1X0W0S,line_item,배달비,배달비할인,VARIABLE_AMOUNT,1000,56300,55300,55300
19485,2026-09-28,PLUGIN_BAEMIN,배달의민족 T2GO0001BGDA,order,,즉시 할인(업주 부담),VARIABLE_AMOUNT,2000,29500,27500,27500
19489,2026-09-28,PLUGIN_BAEMIN,배달의민족 T2GO0001BLCL,order,,즉시 할인(업주 부담),VARIABLE_AMOUNT,100,18900,18800,18800
19491,2026-09-28,PLUGIN_BAEMIN,배달의민족 T2GO0001FIW3,order,,즉시 할인(업주 부담),VARIABLE_AMOUNT,2000,19500,17500,17500
19468,2026-09-27,PLUGIN_BAEMIN,배달의민족 T2GN0001IPM4,order,,즉시 할인(업주 부담),VARIABLE_AMOUNT,2000,29500,27500,27500
19463,2026-09-27,PLUGIN_BAEMIN,배달의민족 T2GN000149TP,order,,즉시 할인(업주 부담),VARIABLE_AMOUNT,2000,50300,48300,48300
19462,2026-09-27,PLUGIN_BAEMIN,배달의민족 T2GN0000YO7A,order,,즉시 할인(업주 부담),VARIABLE_AMOUNT,2000,27500,25500,25500
19464,2026-09-27,PLUGIN_BAEMIN,배달의민족 T2GN00018HBG,order,,즉시 할인(업주 부담),VARIABLE_AMOUNT,2000,27500,25500,25500
19473,2026-09-27,PLUGIN_BAEMIN,배달의민족 T2GN0001VIBT,order,,즉시 할인(업주 부담),VARIABLE_AMOUNT,2000,37400,35400,35400
19448,2026-09-26,PLUGIN_BAEMIN,배달의민족 T2GM0001B0CB,order,,즉시 할인(업주 부담),VARIABLE_AMOUNT,2000,28000,26000,26000
19449,2026-09-26,PLUGIN_BAEMIN,배달의민족 T2GM0001A20E,order,,즉시 할인(업주 부담),VARIABLE_AMOUNT,100,48400,48300,48300
19461,2026-09-26,PLUGIN_BAEMIN,배달의민족 T2GM0001ROXB,order,,즉시 할인(업주 부담),VARIABLE_AMOUNT,2000,27500,25500,25500
19458,2026-09-26,PLUGIN_BAEMIN,배달의민족 T2GM0001PKKJ,order,,즉시 할인(업주 부담),VARIABLE_AMOUNT,2000,27500,25500,25500
19459,2026-09-26,PLUGIN_BAEMIN,배달의민족 T2GM0001RDTD,order,,즉시 할인(업주 부담),VARIABLE_AMOUNT,2000,44500,42500,42500
19446,2026-09-26,PLUGIN_BAEMIN,배달의민족 T2GM0001686B,order,,즉시 할인(업주 부담),VARIABLE_AMOUNT,2000,22500,20500,20500
19440,2026-09-23,PLUGIN_BAEMIN,배달의민족 T2GJ0001HXPV,order,,즉시 할인(업주 부담),VARIABLE_AMOUNT,2000,49500,47500,47500
19429,2026-09-23,PLUGIN_BAEMIN,배달의민족 T2GJ00018X08,order,,즉시 할인(업주 부담),VARIABLE_AMOUNT,2000,41000,39000,39000
19441,2026-09-23,PLUGIN_BAEMIN,배달의민족 T2GJ0001JKRU,order,,즉시 할인(업주 부담),VARIABLE_AMOUNT,2000,26500,24500,24500
19431,2026-09-23,PLUGIN_COUPANGEATS,쿠팡이츠 05BRAT,line_item,배달비,배달비할인,VARIABLE_AMOUNT,1000,52500,51500,51500
19432,2026-09-23,PLUGIN_BAEMIN,배달의민족 T2GJ0001CTNB,order,,즉시 할인(업주 부담),VARIABLE_AMOUNT,2000,41500,39500,39500
19422,2026-09-23,PLUGIN_BAEMIN,배달의민족 T2GJ0000V5Y7,order,,즉시 할인(업주 부담),VARIABLE_AMOUNT,2000,66000,64000,64000
19426,2026-09-23,PLUGIN_BAEMIN,배달의민족 T2GJ000144S2,order,,즉시 할인(업주 부담),VARIABLE_AMOUNT,2000,19500,17500,17500
19409,2026-09-22,PLUGIN_BAEMIN,배달의민족 T2GI0000LINM,order,,즉시 할인(업주 부담),VARIABLE_AMOUNT,2000,27500,25500,25500
19410,2026-09-22,PLUGIN_BAEMIN,배달의민족 T2GI0000SOV7,order,,즉시 할인(업주 부담),VARIABLE_AMOUNT,2000,37400,35400,35400
19411,2026-09-22,PLUGIN_BAEMIN,배달의민족 T2GI0000VLMN,order,,즉시 할인(업주 부담),VARIABLE_AMOUNT,2000,26500,24500,24500
19412,2026-09-22,PLUGIN_BAEMIN,배달의민족 T2GI00010EZC,order,,즉시 할인(업주 부담),VARIABLE_AMOUNT,2000,28000,26000,26000
19413,2026-09-22,PLUGIN_BAEMIN,배달의민족 T2GI0000Z615,order,,즉시 할인(업주 부담),VARIABLE_AMOUNT,2000,43000,41000,41000
19408,2026-09-21,PLUGIN_BAEMIN,배달의민족 T2GH0001CG8E,order,,즉시 할인(업주 부담),VARIABLE_AMOUNT,2000,44000,42000,42000
19400,2026-09-21,PLUGIN_BAEMIN,배달의민족 T2GH0000QS2H,order,,즉시 할인(업주 부담),VARIABLE_AMOUNT,2000,112800,110800,110800
19404,2026-09-21,PLUGIN_BAEMIN,배달의민족 T2GH00014RQ3,order,,즉시 할인(업주 부담),VARIABLE_AMOUNT,2000,22500,20500,20500
19405,2026-09-21,PLUGIN_BAEMIN,배달의민족 T2GH00017HLH,order,,즉시 할인(업주 부담),VARIABLE_AMOUNT,2000,27000,25000,25000
19383,2026-09-19,PLUGIN_COUPANGEATS,쿠팡이츠 29RVDC,line_item,배달비,배달비할인,VARIABLE_AMOUNT,1000,66500,65500,65500
19385,2026-09-19,PLUGIN_BAEMIN,배달의민족 T2GF00019ER0,order,,즉시 할인(업주 부담),VARIABLE_AMOUNT,1000,19500,18500,18500
19390,2026-09-19,PLUGIN_BAEMIN,배달의민족 T2GF0001JVF2,order,,즉시 할인(업주 부담),VARIABLE_AMOUNT,2000,90500,88500,88500
19393,2026-09-19,PLUGIN_BAEMIN,배달의민족 T2GF0001TTOQ,order,,즉시 할인(업주 부담),VARIABLE_AMOUNT,2000,28500,26500,26500
19395,2026-09-19,PLUGIN_BAEMIN,배달의민족 T2GF0001WASM,order,,즉시 할인(업주 부담),VARIABLE_AMOUNT,2000,27500,25500,25500
